user_id,movie_id,rating
1001,862,4.0
1001,15602,4.0
1001,949,4.0
1001,807,5.0
1001,629,5.0
1001,755,3.0
1001,13685,5.0
1001,197,4.0
1001,11780,5.0
1001,1775,5.0
1001,8068,5.0
1001,11017,5.0
1001,2292,3.0
1001,8467,5.0
1001,522,4.0
1001,11,5.0
1001,680,3.0
1001,2164,3.0
1001,11381,5.0
1001,9331,4.0
1001,13,4.0
1001,10714,5.0
1001,854,4.0
1001,178,3.0
1001,9571,4.0
1001,5503,5.0
1001,329,4.0
1001,788,3.0
1001,424,5.0
1001,10442,4.0
1001,10057,4.0
1001,11969,5.0
1001,581,4.0
1001,268,4.0
1001,274,4.0
1001,10895,5.0
1001,275,5.0
1001,954,3.0
1001,10539,5.0
1001,2300,3.0
1001,9802,4.0
1001,664,3.0
1001,602,3.0
1001,11363,4.0
1001,630,5.0
1001,15,5.0
1001,10907,5.0
1001,22292,4.0
1001,3083,5.0
1001,14821,3.0
1001,81310,5.0
1001,15947,5.0
1001,9078,5.0
1001,11360,5.0
1001,11114,3.0
1001,12335,5.0
1001,12092,5.0
1001,9591,4.0
1001,10586,5.0
1001,10218,4.0
1001,252,5.0
1001,583,5.0
1001,500,5.0
1001,792,4.0
1001,402,5.0
1001,601,5.0
1001,2756,4.0
1001,762,5.0
1001,1891,5.0
1001,2493,5.0
1001,85,5.0
1001,185,5.0
1001,28,4.0
1001,1892,5.0
1001,769,5.0
1001,348,4.0
1001,539,2.0
1001,525,5.0
1001,600,5.0
1001,10705,5.0
1001,3109,5.0
1001,218,5.0
1001,3063,5.0
1001,694,3.0
1001,137,4.0
1001,105,5.0
1001,8009,5.0
1001,3034,5.0
1001,756,5.0
1001,89,5.0
1001,12104,5.0
1001,653,4.0
1001,364,3.0
1001,2322,3.0
1001,9361,3.0
1001,14908,3.0
1001,19952,4.0
1001,9434,4.0
1001,816,5.0
1001,1701,4.0
1001,754,5.0
1001,607,3.0
1001,9387,5.0
1001,2118,5.0
1001,9437,4.0
1001,2649,5.0
1001,3597,3.0
1001,563,3.0
1001,115,5.0
1001,11003,4.0
1001,6970,4.0
1001,42807,5.0
1001,617,4.0
1001,11551,4.0
1001,143,5.0
1001,1366,5.0
1001,13597,4.0
1001,941,4.0
1001,9340,5.0
1001,196,4.0
1001,3170,5.0
1001,857,4.0
1001,10957,5.0
1001,10122,4.0
1001,9994,5.0
1001,9354,4.0
1001,9631,5.0
1001,9325,5.0
1001,11319,5.0
1001,13155,3.0
1001,10249,5.0
1001,10882,4.0
1001,13850,4.0
1001,97,4.0
1001,87,5.0
1001,123,5.0
1001,15171,5.0
1001,11704,5.0
1001,4978,5.0
1001,11976,4.0
1001,34584,5.0
1001,4011,4.0
1001,847,4.0
1001,11597,2.0
1001,881,4.0
1001,2109,4.0
1001,162,5.0
1001,73,5.0
1001,3600,2.0
1001,9798,5.0
1001,244,4.0
1001,10029,5.0
1001,11252,2.0
1001,11545,5.0
1001,9326,4.0
1001,11904,3.0
1001,8741,5.0
1001,10658,4.0
1001,30497,5.0
1001,9671,5.0
1001,8388,4.0
1001,111794,4.0
1001,1542,5.0
1001,10803,3.0
1001,871,5.0
1001,100,5.0
1001,603,5.0
1001,9430,5.0
1001,6396,5.0
1001,8592,4.0
1001,564,2.0
1001,1893,4.0
1001,1924,4.0
1001,8536,5.0
1001,138,4.0
1001,3035,4.0
1001,13666,5.0
1001,36685,3.0
1001,104,5.0
1001,9473,5.0
1001,620,5.0
1001,10386,5.0
1001,2280,4.0
1001,1911,4.0
1001,14,5.0
1001,11527,5.0
1001,42518,5.0
1001,861,4.0
1001,1654,5.0
1001,658,5.0
1001,657,5.0
1001,646,5.0
1001,550,5.0
1001,5548,4.0
1001,856,5.0
1001,253,5.0
1001,660,5.0
1001,492,4.0
1001,957,5.0
1001,11886,5.0
1001,1832,5.0
1001,10047,5.0
1001,9289,4.0
1001,497,5.0
1001,624,4.0
1001,1213,1.0
1001,10406,3.0
1001,2005,3.0
1001,8872,5.0
1001,4234,5.0
1001,820,5.0
1001,1497,4.0
1001,1499,4.0
1001,1880,5.0
1001,801,5.0
1001,11520,5.0
1001,526,4.0
1001,879,4.0
1001,106,4.0
1001,98,5.0
1001,9285,4.0
1001,682,4.0
1001,11072,5.0
1001,9659,5.0
1001,8810,5.0
1001,482,5.0
1001,6978,4.0
1001,479,4.0
1001,36657,5.0
1001,10276,4.0
1001,1857,4.0
1001,651,5.0
1002,278,3.0
1002,11381,4.0
1002,489,4.5
1002,98,4.0
1002,24,4.0
1002,1538,3.5
1002,9718,4.0
1002,1422,4.0
1002,155,4.5
1002,12133,5.0
1002,16869,4.5
1002,19908,3.0
1002,11324,4.0
1002,39452,3.0
1002,27205,4.0
1002,23168,4.5
1002,44639,5.0
1002,45523,4.0
1002,59440,5.0
1002,49026,3.5
1002,65754,2.5
1002,68718,3.5
1002,106646,5.0
1002,157336,3.0
1002,244786,4.0
1002,154400,2.0
1002,264660,3.5
1002,76341,5.0
1002,321640,5.0
1003,9909,0.5
1003,424,0.5
1003,10684,0.5
1003,27281,0.5
1003,503475,0.5
1003,10061,5.0
1003,11113,0.5
1003,10537,0.5
1003,11816,0.5
1003,11778,0.5
1003,11202,0.5
1003,8009,3.5
1003,2323,0.5
1003,152,3.0
1003,9387,4.5
1003,3170,0.5
1003,10340,0.5
1003,11319,0.5
1003,97,2.0
1003,1091,4.0
1003,9489,0.5
1003,24831,4.5
1003,13342,0.5
1003,8810,5.0
1003,641,0.5
1003,11347,5.0
1003,11888,0.5
1003,54287,5.0
1003,28893,5.0
1003,21874,4.5
1003,38849,5.0
1003,12157,0.5
1003,39916,5.0
1003,49636,4.5
1003,13282,5.0
1003,98851,4.5
1003,26914,5.0
1003,14161,0.5
1004,8012,3.0
1004,63,2.0
1004,577,3.0
1004,807,2.0
1004,11448,3.0
1004,11010,3.0
1004,11907,4.0
1004,2074,5.0
1004,27793,1.0
1004,26564,5.0
1004,17447,3.0
1004,9071,5.0
1004,32646,2.0
1004,76,5.0
1004,22625,1.0
1004,10451,5.0
1004,522,2.0
1004,1024,3.0
1004,11,5.0
1004,18183,5.0
1004,680,1.0
1004,9905,5.0
1004,236,5.0
1004,2759,4.0
1004,11382,4.0
1004,10464,3.0
1004,712,3.0
1004,9359,4.0
1004,16771,2.0
1004,9571,1.0
1004,16297,2.0
1004,5503,5.0
1004,7984,5.0
1004,10440,5.0
1004,713,1.0
1004,23210,5.0
1004,858,1.0
1004,11969,2.0
1004,812,4.0
1004,274,5.0
1004,10020,3.0
1004,576,2.0
1004,275,5.0
1004,954,3.0
1004,8866,4.0
1004,85778,3.0
1004,26748,4.0
1004,44705,4.0
1004,981,5.0
1004,872,4.0
1004,164,4.0
1004,567,4.0
1004,213,5.0
1004,239,5.0
1004,289,5.0
1004,11113,5.0
1004,630,5.0
1004,770,5.0
1004,303,5.0
1004,18299,3.0
1004,9078,4.0
1004,10938,5.0
1004,9716,3.0
1004,10218,2.0
1004,252,4.0
1004,11561,5.0
1004,623,2.0
1004,583,5.0
1004,475,5.0
1004,521,5.0
1004,11386,3.0
1004,221,5.0
1004,762,5.0
1004,18129,4.0
1004,409,1.0
1004,10409,5.0
1004,1891,5.0
1004,2493,5.0
1004,85,3.0
1004,68,2.0
1004,389,5.0
1004,144,1.0
1004,769,4.0
1004,539,4.0
1004,279,4.0
1004,826,5.0
1004,235,4.0
1004,137,4.0
1004,33,4.0
1004,339,2.0
1004,756,5.0
1004,288,5.0
1004,11031,4.0
1004,89,4.0
1004,642,3.0
1004,75,1.0
1004,16448,5.0
1004,9366,4.0
1004,9434,4.0
1004,816,4.0
1004,607,3.0
1004,8834,1.0
1004,2118,2.0
1004,9427,4.0
1004,489,1.0
1004,10217,4.0
1004,115,4.0
1004,26941,5.0
1004,27103,3.0
1004,29193,5.0
1004,17139,2.0
1004,9452,4.0
1004,9844,3.0
1004,1965,2.0
1004,15037,4.0
1004,10674,3.0
1004,20862,4.0
1004,9464,1.0
1004,544,3.0
1004,1725,5.0
1004,15389,2.0
1004,13597,5.0
1004,2108,4.0
1004,346,2.0
1004,793,4.0
1004,9325,5.0
1004,6471,4.0
1004,11522,3.0
1004,8393,5.0
1004,4011,5.0
1004,845,5.0
1004,21734,4.0
1004,31997,5.0
1004,11855,1.0
1004,637,1.0
1004,4518,2.0
1004,19426,4.0
1004,10162,4.0
1004,8545,5.0
1004,11545,3.0
1004,9326,4.0
1004,192,4.0
1004,603,1.0
1004,9465,5.0
1004,9451,5.0
1004,1893,1.0
1004,817,4.0
1004,104,5.0
1004,345,2.0
1004,745,4.0
1004,913,1.0
1004,11353,2.0
1004,813,5.0
1004,1075,5.0
1004,14,5.0
1004,40867,4.0
1004,11901,4.0
1004,11054,5.0
1004,550,2.0
1004,11562,2.0
1004,492,4.0
1004,957,4.0
1004,11498,5.0
1004,11663,4.0
1004,10399,3.0
1004,99,5.0
1004,334,4.0
1004,926,1.0
1004,1213,4.0
1004,16241,4.0
1004,11287,4.0
1004,11004,4.0
1004,12186,3.0
1004,3114,5.0
1004,820,4.0
1004,462,4.0
1004,243,2.0
1004,879,1.0
1004,10747,5.0
1004,10557,2.0
1004,13105,1.0
1004,1052,3.0
1004,10276,3.0
1004,38548,5.0
1004,786,4.0
1004,13785,3.0
1004,71,4.0
1004,146,4.0
1004,2609,3.0
1004,392,1.0
1004,2046,3.0
1004,5001,4.0
1004,134,3.0
1004,21991,3.0
1004,11973,4.0
1004,1900,5.0
1004,10499,3.0
1004,2614,4.0
1004,843,3.0
1004,19513,3.0
1004,77,2.0
1004,4133,5.0
1004,634,4.0
1004,13898,3.0
1004,70282,2.0
1004,4973,4.0
1004,824,1.0
1004,29937,4.0
1004,11444,3.0
1004,1548,1.0
1004,742,3.0
1004,18734,5.0
1004,10778,3.0
1004,671,4.0
1004,1433,4.0
1004,8342,5.0
1005,862,4.0
1005,8012,4.0
1005,9598,4.0
1005,687,4.0
1005,9603,3.0
1005,629,4.0
1005,11010,5.0
1005,197,4.0
1005,568,3.0
1005,414,3.0
1005,10451,4.0
1005,1024,5.0
1005,628,3.0
1005,9587,4.0
1005,18183,3.0
1005,4476,1.0
1005,527,5.0
1005,680,5.0
1005,11450,3.0
1005,2164,2.0
1005,278,3.0
1005,3049,3.0
1005,9331,3.0
1005,712,2.0
1005,8587,3.0
1005,854,4.0
1005,36955,2.0
1005,2758,3.0
1005,5503,4.0
1005,9386,4.0
1005,7984,5.0
1005,1245,3.0
1005,424,5.0
1005,11236,4.0
1005,10445,3.0
1005,812,4.0
1005,280,3.0
1005,581,5.0
1005,268,3.0
1005,408,5.0
1005,10020,5.0
1005,10895,5.0
1005,114,3.0
1005,275,3.0
1006,8844,4.0
1006,15602,5.0
1006,31357,3.0
1006,11862,5.0
1006,949,4.0
1006,11860,4.0
1006,45325,3.0
1006,710,3.0
1006,9087,4.0
1006,21032,3.0
1006,1408,4.0
1006,524,4.0
1006,4584,4.0
1006,9273,2.0
1006,8012,2.0
1006,1710,5.0
1006,12665,4.0
1006,451,3.0
1006,16420,4.0
1006,9263,3.0
1006,9909,3.0
1006,63,4.0
1006,9598,4.0
1006,687,5.0
1006,31174,4.0
1006,35196,4.0
1006,577,3.0
1006,11861,4.0
1006,807,4.0
1006,629,1.0
1006,26441,4.0
1006,11359,4.0
1006,17182,4.0
1006,2054,4.0
1006,9536,3.0
1006,11525,3.0
1006,9102,4.0
1006,9623,3.0
1006,10534,5.0
1006,17414,3.0
1006,13997,2.0
1006,2086,4.0
1006,9095,4.0
1006,12158,4.0
1006,9208,4.0
1006,11062,3.0
1006,47475,1.0
1006,9614,4.0
1006,688,3.0
1006,197,5.0
1006,33542,4.0
1006,43566,3.0
1006,27793,3.0
1006,9101,3.0
1006,9302,3.0
1006,11000,4.0
1006,9737,4.0
1006,30765,4.0
1006,568,4.0
1006,11780,4.0
1006,414,3.0
1006,8839,4.0
1006,20649,3.0
1006,10329,5.0
1006,8963,3.0
1006,8068,3.0
1006,1572,3.0
1006,6520,5.0
1006,10428,3.0
1006,17447,3.0
1006,19326,3.0
1006,8973,3.0
1006,47608,1.0
1006,2293,2.0
1006,9070,3.0
1006,1642,3.0
1006,11472,3.0
1006,58372,3.0
1006,10533,2.0
1006,18402,4.0
1006,9348,3.0
1006,47939,3.0
1006,3512,3.0
1006,52856,3.0
1006,9560,4.0
1006,9804,3.0
1006,31611,3.0
1006,65796,4.0
1006,26258,4.0
1006,11017,4.0
1006,37141,3.0
1006,9382,2.0
1006,6715,3.0
1006,22625,4.0
1006,1909,3.0
1006,8984,4.0
1006,11929,5.0
1006,8467,3.0
1006,18395,2.0
1006,397,4.0
1006,10525,4.0
1006,15789,3.0
1006,27303,3.0
1006,47867,3.0
1006,17207,5.0
1006,14819,4.0
1006,32631,3.0
1006,11777,4.0
1006,628,3.0
1006,87729,3.0
1006,6280,3.0
1006,9061,5.0
1006,37108,3.0
1006,9587,4.0
1006,19101,5.0
1006,18183,3.0
1006,4476,3.0
1006,11008,3.0
1006,43742,3.0
1006,28313,4.0
1006,3036,3.0
1006,40490,4.0
1006,8986,4.0
1006,10510,5.0
1006,38722,3.0
1006,11593,4.0
1006,1945,3.0
1006,241,2.0
1006,9058,3.0
1006,18220,3.0
1006,6950,4.0
1006,101,3.0
1006,680,2.0
1006,10452,3.0
1006,12106,3.0
1006,161495,4.0
1006,36357,3.0
1006,28033,1.0
1006,22586,3.0
1006,14334,5.0
1006,2636,4.0
1006,2164,5.0
1006,11395,4.0
1006,278,5.0
1006,9067,1.0
1006,193,4.0
1006,25066,3.0
1006,12122,3.0
1006,11381,5.0
1006,95963,3.0
1006,1587,5.0
1006,2064,4.0
1006,19855,4.0
1006,236,3.0
1006,48287,3.0
1006,3049,3.0
1006,10497,3.0
1006,11382,3.0
1006,9331,5.0
1006,10731,5.0
1006,10464,4.0
1006,34152,3.0
1006,9495,4.0
1006,29973,4.0
1006,888,4.0
1006,13,5.0
1006,712,3.0
1006,16295,3.0
1006,48992,3.0
1006,10879,3.0
1006,10660,4.0
1006,10714,3.0
1006,8587,5.0
1006,11596,3.0
1006,854,4.0
1006,9359,5.0
1006,36593,4.0
1006,12280,3.0
1006,11011,3.0
1006,1637,5.0
1006,15128,3.0
1006,36955,4.0
1006,10449,3.0
1006,10395,3.0
1006,12160,3.0
1006,8011,3.0
1006,2758,3.0
1006,10436,3.0
1006,9409,4.0
1006,11853,3.0
1006,11041,3.0
1006,4722,3.0
1006,11310,5.0
1006,9350,4.0
1006,9612,3.0
1006,26261,3.0
1006,11566,4.0
1006,26141,3.0
1006,16297,4.0
1006,37233,4.0
1006,1634,3.0
1006,5503,5.0
1006,35588,3.0
1006,41579,3.0
1006,9255,2.0
1006,10612,4.0
1006,2259,4.0
1006,106143,3.0
1006,9386,4.0
1006,7984,4.0
1006,15765,4.0
1006,329,5.0
1006,9593,3.0
1006,12121,3.0
1006,2246,3.0
1006,10502,4.0
1006,9516,3.0
1006,2320,3.0
1006,11971,3.0
1006,788,5.0
1006,11231,3.0
1006,31586,3.0
1006,9800,4.0
1006,713,3.0
1006,8291,3.0
1006,1245,4.0
1006,11858,4.0
1006,8005,3.0
1006,14534,3.0
1006,424,3.0
1006,11236,3.0
1006,11592,3.0
1006,43535,3.0
1006,12519,3.0
1006,858,3.0
1006,867,3.0
1006,13203,4.0
1006,10442,3.0
1006,9607,2.0
1006,9057,3.0
1006,10057,3.0
1006,11969,5.0
1006,31504,4.0
1006,10897,3.0
1006,251,5.0
1006,812,5.0
1006,280,3.0
1006,581,5.0
1006,268,3.0
1006,274,4.0
1006,408,4.0
1006,10020,5.0
1006,10895,3.0
1006,114,4.0
1006,10824,3.0
1006,275,3.0
1006,25059,4.0
1006,10112,5.0
1006,1592,3.0
1006,19042,4.0
1006,9099,4.0
1006,10988,1.0
1006,10684,4.0
1006,10543,3.0
1006,25087,3.0
1006,20762,3.0
1006,12656,3.0
1006,25969,4.0
1006,9103,3.0
1006,8866,4.0
1006,12233,5.0
1006,23449,3.0
1006,36355,4.0
1006,9304,2.0
1006,664,5.0
1006,16299,3.0
1006,9879,1.0
1006,7095,3.0
1006,41225,3.0
1006,602,5.0
1006,10545,5.0
1006,44535,3.0
1006,10779,3.0
1006,38223,3.0
1006,9294,4.0
1006,12606,3.0
1006,2925,5.0
1006,18555,4.0
1006,10830,3.0
1006,3573,4.0
1006,10546,3.0
1006,9431,3.0
1006,47907,4.0
1006,10478,4.0
1006,23945,3.0
1006,9306,3.0
1006,12559,3.0
1006,19004,3.0
1006,10987,3.0
1006,125587,3.0
1006,52855,3.0
1006,11076,4.0
1006,1770,4.0
1006,9333,4.0
1006,9401,2.0
1006,9625,4.0
1006,6346,4.0
1006,9591,3.0
1006,10586,5.0
1006,819,4.0
1006,11238,4.0
1006,252,3.0
1006,21711,4.0
1006,475,3.0
1007,862,4.5
1007,629,4.5
1007,11010,3.0
1007,568,4.5
1007,1572,4.0
1007,11,5.0
1007,13,5.0
1007,36955,3.0
1007,9255,5.0
1007,329,5.0
1007,251,2.0
1007,812,3.0
1007,280,2.5
1007,268,3.0
1007,274,5.0
1007,10020,3.5
1007,954,4.0
1007,935,4.0
1007,602,4.5
1007,770,3.0
1007,62,4.0
1007,744,4.0
1007,409,1.5
1007,1891,4.0
1007,28,4.0
1007,1892,4.0
1007,539,5.0
1007,525,4.5
1007,218,5.0
1007,207,1.5
1007,105,5.0
1007,816,3.5
1007,686,5.0
1007,1669,4.0
1007,2118,3.0
1007,37165,3.0
1007,2898,0.5
1007,95,4.0
1007,544,1.5
1007,1366,4.5
1007,346,5.0
1007,637,2.0
1007,9798,3.5
1007,871,5.0
1007,1893,1.5
1007,1924,3.0
1007,509,4.5
1007,817,2.0
1007,2275,2.5
1007,8487,1.5
1007,2978,3.5
1007,745,4.5
1007,14,4.0
1007,863,4.5
1007,2067,1.5
1007,462,4.5
1007,98,1.5
1007,955,1.0
1007,36657,3.5
1007,37137,5.0
1007,10637,4.0
1007,4327,2.5
1007,9741,3.0
1007,3981,4.0
1007,853,2.0
1007,634,2.0
1007,808,4.0
1007,676,0.5
1007,644,4.5
1007,869,1.0
1007,9880,1.5
1007,3172,1.5
1007,167,3.0
1007,585,4.0
1007,671,4.0
1007,161,4.0
1007,120,4.5
1007,453,4.5
1007,425,3.5
1007,557,3.5
1007,1894,0.5
1007,180,4.0
1007,608,3.0
1007,4147,3.0
1007,2675,1.5
1007,129,5.0
1007,672,4.5
1007,121,4.5
1007,640,4.0
1007,1574,4.5
1007,36658,4.0
1007,604,4.0
1007,1927,0.5
1007,22,4.5
1007,1584,4.5
1007,605,2.0
1007,616,4.5
1007,122,4.0
1007,8696,3.0
1007,9509,4.0
1007,4909,4.5
1007,809,3.5
1007,673,2.5
1007,9890,2.0
1007,9472,4.5
1007,558,4.5
1007,2502,3.5
1007,314,1.0
1007,6947,1.0
1007,1538,4.5
1007,11130,1.5
1007,5137,1.0
1007,10145,3.5
1007,10555,1.0
1007,11128,4.5
1007,9675,4.0
1007,176,4.0
1007,1677,3.5
1007,9806,4.0
1007,5255,1.0
1007,866,2.5
1007,2059,2.5
1007,163,4.0
1007,12496,3.0
1007,2567,3.5
1007,9833,2.0
1007,9470,3.5
1007,2026,2.0
1007,9928,1.5
1007,10040,2.0
1007,187,3.5
1007,1495,3.5
1007,1895,1.0
1007,272,2.0
1007,9722,1.0
1007,74,3.0
1007,1635,4.5
1007,398,3.5
1007,9763,3.5
1007,9899,4.5
1007,36668,4.0
1007,920,4.5
1007,2044,1.0
1007,9697,0.5
1007,1452,1.0
1007,1422,1.0
1007,3683,4.5
1007,1427,2.5
1007,36557,4.5
1007,7551,3.5
1007,1581,0.5
1007,1125,3.0
1008,8844,4.0
1008,710,2.0
1008,9087,4.0
1008,8012,4.0
1008,63,3.0
1008,9598,5.0
1008,9603,3.0
1008,807,4.0
1008,629,5.0
1008,197,3.0
1008,11000,3.0
1008,568,4.0
1008,414,2.0
1008,1642,5.0
1008,11472,4.0
1008,9804,3.0
1008,8467,4.0
1008,522,3.0
1008,397,3.0
1008,11777,3.0
1008,628,5.0
1008,1945,3.0
1008,6950,3.0
1008,680,4.0
1008,11395,3.0
1008,278,5.0
1008,2064,3.0
1008,13,3.0
1008,712,5.0
1008,8587,5.0
1008,854,3.0
1008,1637,4.0
1008,36955,5.0
1008,11310,1.0
1008,11566,3.0
1008,37233,4.0
1008,5503,3.0
1008,329,4.0
1008,788,2.0
1008,424,5.0
1008,858,3.0
1008,771,3.0
1008,251,3.0
1008,581,5.0
1008,268,3.0
1008,274,4.0
1008,114,3.0
1009,31174,3.0
1009,36196,3.0
1009,2292,4.0
1009,12280,3.0
1009,12520,3.0
1009,599,4.0
1009,15,5.0
1009,10163,2.0
1009,9504,4.0
1009,85,5.0
1009,105,5.0
1009,9281,4.0
1009,36599,2.0
1009,165,3.0
1009,196,4.0
1009,242,3.0
1009,30197,5.0
1009,11326,3.0
1009,9638,2.0
1009,9563,2.0
1009,4816,3.0
1009,9040,3.0
1009,32058,1.0
1009,9493,1.0
1009,120,5.0
1009,425,4.0
1009,1894,3.0
1009,180,4.0
1009,57022,4.0
1009,9719,4.0
1009,818,5.0
1009,7451,1.0
1009,13888,1.0
1009,10750,3.0
1009,36669,3.0
1009,6007,4.0
1009,25239,1.0
1009,25284,4.0
1009,2757,5.0
1009,121,5.0
1009,3131,4.0
1009,2149,1.0
1009,19067,4.0
1009,21332,2.0
1009,262,4.0
1009,80965,2.0
1010,680,1.0
1010,13,3.5
1010,812,4.0
1010,114,3.5
1010,289,4.0
1010,433,0.5
1010,88,3.0
1010,37247,3.0
1010,639,3.0
1010,2898,3.5
1010,10674,4.0
1010,603,0.5
1010,509,3.5
1010,745,0.5
1010,14,1.0
1010,550,0.5
1010,98,4.0
1010,1588,3.0
1010,634,3.5
1010,808,4.5
1010,8835,4.5
1010,120,4.0
1010,453,4.0
1010,10229,3.0
1010,245,3.5
1010,11529,3.0
1010,7303,3.0
1010,121,4.0
1010,2642,3.0
1010,9919,3.0
1010,10735,3.0
1010,12,3.5
1010,10327,4.0
1010,508,4.0
1010,6964,4.0
1010,3635,3.0
1010,122,4.0
1010,11820,4.0
1010,14844,4.5
1010,1824,3.5
1010,11137,4.0
1010,10625,3.5
1010,652,5.0
1010,594,3.5
1010,11036,5.0
1010,558,3.5
1010,2502,3.5
1010,11130,3.0
1010,13969,5.0
1010,9806,2.5
1010,9801,3.5
1010,866,1.0
1010,205,3.5
1010,6961,2.5
1010,8488,4.5
1010,8976,3.0
1010,787,3.0
1010,272,5.0
1010,4348,3.0
1010,69,4.0
1010,116,2.5
1010,1402,3.0
1010,36557,5.0
1010,1581,5.0
1010,1271,3.0
1010,6691,4.5
1010,2977,1.5
1010,2503,3.5
1010,7326,3.5
1010,6557,3.0
1010,8390,3.5
1010,155,4.5
1010,10761,2.5
1010,9029,2.0
1010,11631,3.0
1010,5038,2.0
1010,12620,2.5
1010,10764,3.5
1010,8966,4.5
1010,10201,0.5
1010,10184,3.5
1010,14160,4.0
1010,18240,4.5
1010,767,3.0
1010,20943,3.0
1010,24803,0.5
1010,24684,5.0
1010,22947,2.5
1010,4475,3.5
1010,18239,3.0
1010,34653,3.5
1010,10198,3.5
1010,19995,2.5
1010,10528,3.0
1010,32856,3.0
1010,37565,2.0
1010,24021,3.0
1010,20352,5.0
1010,37735,3.5
1010,38357,2.5
1010,45269,5.0
1010,38757,3.5
1010,43347,3.5
1010,42888,2.0
1010,41630,3.5
1010,55787,3.0
1010,49444,3.5
1010,50646,4.0
1010,50014,3.0
1010,50619,3.0
1010,49026,5.0
1010,77338,5.0
1010,74534,4.5
1010,62177,4.0
1010,77930,4.0
1010,1930,3.0
1010,57800,3.5
1010,37724,5.0
1010,97365,0.5
1010,87827,1.0
1010,50620,3.0
1010,93456,4.0
1010,117251,4.0
1010,122906,4.0
1010,209263,2.5
1010,57158,3.5
1010,109445,4.5
1010,106646,1.0
1010,140823,2.0
1010,120467,0.5
1010,157336,0.5
1010,242042,4.0
1010,82881,4.0
1010,228194,4.5
1010,174337,4.0
1010,207703,1.0
1010,268238,3.5
1010,206647,5.0
1010,264999,4.0
1010,257211,5.0
1011,949,5.0
1011,710,3.0
1011,687,4.0
1011,9312,2.0
1011,9208,3.0
1011,197,5.0
1011,568,5.0
1011,414,3.0
1011,1572,3.0
1011,10428,4.0
1011,9804,3.0
1011,6950,4.0
1011,278,4.0
1011,9331,5.0
1011,13,5.0
1011,9359,3.0
1011,8987,2.0
1011,1637,3.0
1011,36955,4.0
1011,9350,3.0
1011,5503,5.0
1011,9255,3.0
1011,9386,4.0
1011,329,4.0
1011,9516,3.0
1011,18133,4.0
1011,14291,5.0
1011,280,4.0
1011,274,5.0
1011,954,4.0
1011,9802,4.0
1011,664,4.0
1011,602,4.0
1011,2119,3.0
1011,744,5.0
1011,1892,4.0
1011,12498,4.0
1011,1573,3.0
1011,8845,3.0
1011,75,1.0
1011,9361,5.0
1011,9619,3.0
1011,2163,4.0
1011,1701,4.0
1011,754,3.0
1011,686,5.0
1011,4421,4.0
1011,8834,4.0
1011,9416,4.0
1011,9772,4.0
1011,6623,3.0
1011,4824,3.0
1011,11831,5.0
1011,489,4.0
1011,597,5.0
1011,2898,5.0
1011,9469,4.0
1011,929,2.0
1011,95,4.0
1011,944,4.0
1011,544,4.0
1011,943,2.0
1011,9835,3.0
1011,857,5.0
1012,9603,4.0
1012,6520,5.0
1012,22625,5.0
1012,6280,5.0
1012,9587,4.5
1012,10510,3.0
1012,712,3.5
1012,10442,3.5
1012,2925,4.0
1012,3573,5.0
1012,770,4.5
1012,137,3.5
1012,7863,5.0
1012,3179,3.0
1012,597,5.0
1012,8656,3.5
1012,11974,5.0
1012,2619,3.5
1012,8856,3.0
1012,10314,5.0
1012,4951,5.0
1012,11355,5.0
1012,9032,4.0
1012,2978,5.0
1012,6003,5.0
1012,71,4.5
1012,3981,4.5
1012,11529,4.0
1012,508,5.0
1012,11036,5.0
1012,4348,5.0
1012,8966,5.0
1013,807,5.0
1013,3586,1.0
1013,114,3.0
1013,7452,3.0
1013,85,5.0
1013,8413,4.0
1013,978,3.0
1013,2255,4.0
1013,597,4.0
1013,11522,3.0
1013,4011,3.0
1013,796,2.0
1013,603,5.0
1013,2787,4.0
1013,9532,2.0
1013,10479,3.0
1013,98,5.0
1013,8584,4.0
1013,9679,3.0
1013,2024,4.0
1013,36657,4.0
1013,2655,4.0
1013,5551,4.0
1013,8843,4.0
1013,10480,3.0
1013,786,4.0
1013,6521,3.0
1013,4327,3.0
1013,146,5.0
1013,107,5.0
1013,9740,4.0
1014,31357,3.0
1014,11860,3.0
1014,9273,1.0
1014,451,4.0
1014,63,4.0
1014,9603,3.0
1014,807,5.0
1014,9208,5.0
1014,688,3.0
1014,197,5.0
1014,568,4.0
1014,414,2.0
1014,10802,3.0
1014,8467,3.0
1014,4476,5.0
1014,1945,5.0
1014,241,4.0
1014,680,3.0
1014,278,3.0
1014,1587,5.0
1014,2064,4.0
1014,3049,2.0
1014,10464,3.0
1014,13,4.0
1014,854,1.0
1014,8987,4.0
1014,1637,3.0
1014,12160,4.0
1014,9350,4.0
1014,10443,3.0
1014,1634,3.0
1014,15765,4.0
1014,329,3.0
1014,10502,3.0
1014,9800,3.0
1014,713,5.0
1014,14534,3.0
1014,424,3.0
1014,858,4.0
1014,867,3.0
1014,10057,3.0
1014,11969,4.0
1014,771,3.0
1014,581,4.0
1014,268,2.0
1014,274,4.0
1014,114,3.0
1014,9894,1.0
1015,862,2.5
1015,9312,1.0
1015,807,3.5
1015,8839,1.0
1015,9886,1.0
1015,6280,3.0
1015,11,5.0
1015,101,3.0
1015,680,4.0
1015,278,5.0
1015,888,1.0
1015,13,5.0
1015,8587,3.0
1015,424,5.0
1015,812,3.0
1015,280,5.0
1015,10895,2.0
1015,602,3.5
1015,10061,2.0
1015,238,4.0
1015,1891,5.0
1015,85,4.0
1015,679,5.0
1015,1892,5.0
1015,348,5.0
1015,218,4.0
1015,137,3.5
1015,105,5.0
1015,377,3.0
1015,18,3.0
1015,782,4.5
1015,846,2.5
1015,942,5.0
1015,165,5.0
1015,196,4.0
1015,857,3.5
1015,10144,3.0
1015,12230,1.5
1015,8393,5.0
1015,8195,2.5
1015,73,4.5
1015,603,4.0
1015,745,3.0
1015,14,4.0
1015,861,4.5
1015,550,2.5
1015,497,5.0
1015,2277,5.0
1015,1700,4.0
1015,10559,5.0
1015,1359,3.5
1015,3536,4.0
1015,98,5.0
1015,9285,1.5
1015,2024,3.0
1015,641,4.0
1015,9741,3.0
1015,3981,4.0
1015,8358,3.5
1015,77,1.5
1015,808,3.0
1015,644,4.0
1015,1933,5.0
1015,585,3.5
1015,120,3.5
1015,453,5.0
1015,180,4.0
1015,129,3.0
1015,121,3.5
1015,8392,2.0
1015,640,5.0
1015,12,3.0
1015,170,3.5
1015,24,3.0
1015,1954,3.5
1015,393,3.0
1015,809,2.5
1015,2048,3.5
1015,9806,2.5
1015,1895,5.0
1015,1579,4.5
1015,9693,3.0
1015,1124,4.5
1015,2062,3.0
1015,6479,3.5
1015,155,2.0
1015,1726,2.0
1015,10681,3.5
1015,13053,3.0
1015,13223,4.0
1015,17431,3.0
1015,14160,3.5
1015,19913,4.0
1015,17654,3.5
1015,12244,4.0
1015,22794,2.5
1015,19995,3.0
1015,27205,3.5
1015,51876,5.0
1015,38050,4.5
1015,45612,3.5
1015,24428,2.0
1015,70160,3.0
1015,49026,2.0
1015,70981,3.0
1015,59967,3.0
1015,87827,4.0
1015,68718,1.0
1015,75612,4.0
1015,72190,3.5
1015,49047,4.5
1015,109424,4.0
1015,120467,2.0
1015,157336,4.0
1015,100402,1.5
1015,137113,4.5
1015,210577,4.5
1015,118340,1.5
1015,245891,2.0
1015,264660,2.0
1015,198184,2.5
1015,76341,2.0
1015,140607,5.0
1015,293660,2.0
1015,284052,2.0
1015,246655,1.0
1015,286217,4.0
1015,150540,4.5
1015,296098,3.0
1015,333371,5.0
1015,269149,3.0
1015,223702,3.5
1015,363676,3.5
1015,330459,5.0
1015,274870,3.5
1016,807,3.5
1016,629,4.0
1016,103,4.5
1016,3512,2.0
1016,11,3.0
1016,101,4.0
1016,680,3.0
1016,278,4.0
1016,9905,4.0
1016,13,3.5
1016,424,4.0
1016,78,4.5
1016,274,3.0
1016,275,4.5
1016,27768,4.0
1016,532,4.0
1016,935,4.5
1016,10061,4.0
1016,238,2.5
1016,567,3.5
1016,289,3.5
1016,963,4.0
1016,15,3.5
1016,500,4.0
1016,762,4.0
1016,10548,4.0
1016,531,4.0
1016,1412,3.5
1016,10409,2.5
1016,510,4.0
1016,1891,3.0
1016,2493,4.0
1016,85,3.5
1016,68,5.0
1016,429,3.0
1016,389,4.0
1016,595,4.0
1016,28,4.0
1016,769,3.5
1016,348,4.0
1016,539,3.0
1016,600,4.5
1016,530,4.0
1016,703,4.0
1016,37247,4.0
1016,829,4.5
1016,832,4.0
1016,765,4.0
1016,982,4.0
1016,903,4.0
1016,914,3.0
1016,625,4.0
1016,2118,3.5
1016,10215,3.5
1016,489,3.5
1016,346,4.0
1016,6471,3.5
1016,73,3.5
1016,8741,1.5
1016,2112,3.0
1016,603,3.5
1016,8536,3.0
1016,1073,3.5
1016,9824,3.5
1016,745,3.5
1016,14,3.5
1016,550,3.5
1016,128,4.0
1016,961,3.5
1016,177,4.0
1016,1850,3.5
1016,54825,3.5
1016,11368,4.0
1016,3133,4.0
1016,641,4.0
1016,2609,3.5
1016,107,3.0
1016,77,4.5
1016,141,3.5
1016,194,4.0
1016,120,3.5
1016,129,4.5
1016,1672,4.0
1016,121,3.5
1016,8392,4.0
1016,10515,3.5
1016,81,3.5
1016,122,3.5
1016,38,3.5
1016,206216,4.0
1016,670,4.0
1016,1417,4.0
1016,155,4.5
1016,10681,4.0
1016,14160,4.0
1016,10193,4.5
1016,27205,3.0
1016,49026,4.5
1017,862,4.5
1017,9312,3.5
1017,807,4.0
1017,629,4.5
1017,197,4.5
1017,103,4.0
1017,568,3.5
1017,11,5.0
1017,101,3.5
1017,680,5.0
1017,278,5.0
1017,13,5.0
1017,329,4.5
1017,424,4.5
1017,78,3.5
1017,280,4.5
1017,581,4.5
1017,268,4.5
1017,274,4.5
1017,935,4.5
1017,602,4.0
1017,238,5.0
1017,872,3.5
1017,567,4.0
1017,239,3.5
1017,12092,4.5
1017,562,4.0
1017,500,4.0
1017,792,4.5
1017,10537,4.0
1017,2119,3.5
1017,510,4.5
1017,1891,5.0
1017,2493,3.5
1017,85,4.5
1017,429,5.0
1017,185,5.0
1017,335,3.5
1017,1892,5.0
1017,769,4.5
1017,240,4.5
1017,600,4.5
1017,1578,4.5
1017,9277,4.0
1017,218,5.0
1017,829,4.0
1017,694,4.0
1017,235,4.0
1017,11778,4.0
1017,105,4.5
1017,89,4.0
1017,12498,3.0
1017,157,3.5
1017,3179,4.0
1017,9366,3.0
1017,115,5.0
1017,13597,4.0
1017,9340,4.0
1017,346,3.5
1017,857,4.5
1017,117,4.0
1017,73,4.5
1017,1542,4.5
1017,603,5.0
1017,2978,3.5
1017,745,4.0
1017,14,4.0
1017,550,4.5
1017,1621,4.5
1017,497,4.5
1017,10158,4.0
1017,996,3.5
1017,10747,4.0
1017,938,4.5
1017,9659,3.5
1017,641,4.5
1017,77,4.0
1017,1648,4.0
1017,120,4.5
1017,129,5.0
1017,1672,4.0
1017,121,5.0
1017,8392,4.0
1017,598,4.5
1017,10515,5.0
1017,322,3.5
1017,81,5.0
1017,122,4.5
1017,9461,4.0
1017,670,4.0
1017,4935,4.5
1017,272,4.0
1017,1417,4.5
1017,1422,4.0
1017,155,4.5
1017,10681,3.5
1017,12163,3.5
1017,16869,4.0
1017,13475,4.5
1017,39452,3.5
1017,10193,4.0
1017,27205,4.5
1017,37799,4.0
1017,45317,3.5
1017,44264,4.0
1018,862,3.5
1018,8844,3.0
1018,949,4.0
1018,524,4.5
1018,63,4.0
1018,9598,2.5
1018,687,4.0
1018,807,4.5
1018,629,5.0
1018,755,3.5
1018,9614,2.5
1018,197,4.5
1018,103,4.0
1018,9737,3.5
1018,8068,4.0
1018,1572,4.0
1018,2293,4.0
1018,9804,3.0
1018,2292,4.0
1018,8467,2.5
1018,522,4.5
1018,11,4.0
1018,241,4.0
1018,101,4.5
1018,680,4.0
1018,278,5.0
1018,193,4.0
1018,1587,4.0
1018,3049,2.5
1018,13,4.5
1018,8587,3.0
1018,854,2.5
1018,36593,3.0
1018,11011,2.5
1018,1637,2.5
1018,36955,2.5
1018,6075,4.0
1018,9612,2.0
1018,9739,3.0
1018,5503,3.5
1018,9255,2.5
1018,329,3.5
1018,788,3.5
1018,11231,2.0
1018,9800,4.0
1018,424,4.5
1018,78,4.0
1018,319,4.0
1018,771,3.5
1018,812,3.5
1018,280,4.5
1018,581,4.0
1018,274,4.5
1018,10020,3.0
1018,275,4.5
1018,1592,3.5
1018,954,3.0
1018,8840,3.0
1018,2300,3.0
1018,532,4.0
1018,627,4.5
1018,602,4.0
1018,9894,2.0
1018,10061,3.5
1018,238,4.0
1018,567,4.5
1018,213,4.0
1018,963,4.0
1018,630,4.0
1018,15,5.0
1018,62,4.0
1018,864,3.5
1018,562,4.0
1018,454,3.5
1018,583,4.5
1018,521,4.0
1018,500,4.0
1018,9504,4.0
1018,762,4.5
1018,531,4.5
1018,510,4.5
1018,1891,4.0
1018,85,4.0
1018,429,5.0
1018,389,5.0
1018,185,4.5
1018,595,4.5
1018,28,3.5
1018,335,5.0
1018,1892,4.5
1018,1092,4.5
1018,769,4.5
1018,348,4.0
1018,539,4.5
1018,240,5.0
1018,600,4.5
1018,530,4.5
1018,311,4.5
1018,9277,4.5
1018,218,4.0
1018,379,4.0
1018,207,4.0
1018,37247,4.5
1018,829,4.0
1018,832,4.0
1018,105,4.0
1018,8009,3.5
1018,903,4.0
1018,89,4.0
1018,199,4.5
1018,1573,3.5
1018,152,4.0
1018,154,4.5
1018,157,3.5
1018,75,3.0
1018,9366,4.0
1018,816,2.5
1018,18,3.5
1018,330,3.5
1018,607,3.5
1018,9772,3.0
1018,2118,4.0
1018,2649,3.5
1018,782,3.5
1018,563,3.5
1018,37165,3.0
1018,489,4.0
1018,597,4.0
1018,184,4.0
1018,115,4.5
1018,2898,3.5
1018,617,3.5
1018,1965,4.0
1018,95,3.0
1018,944,3.5
1018,10513,2.5
1018,1366,4.0
1018,380,4.0
1018,941,4.0
1018,942,3.5
1018,943,3.5
1018,165,3.5
1018,196,3.0
1018,346,4.0
1018,857,4.0
1018,9631,3.5
1018,87,4.0
1018,11219,3.0
1018,117,3.5
1018,881,4.0
1018,8195,3.5
1018,162,4.0
1018,637,4.5
1018,73,4.0
1018,1367,4.0
1018,1371,3.5
1018,1374,3.0
1018,1375,3.0
1018,1885,4.0
1018,8856,3.0
1018,10495,3.0
1018,9671,3.0
1018,2112,3.5
1018,100,4.5
1018,603,4.5
1018,817,2.5
1018,104,3.0
1018,2105,3.5
1018,745,4.5
1018,9377,3.5
1018,391,4.5
1018,772,3.0
1018,550,4.5
1018,492,4.0
1018,1832,4.5
1018,2668,4.0
1018,497,4.0
1018,8872,3.0
1018,619,3.0
1018,8374,4.5
1018,3082,4.0
1018,98,4.5
1018,938,4.5
1018,9659,3.5
1018,7443,3.5
1018,4247,2.0
1018,36657,4.0
1018,1619,4.0
1018,641,4.5
1018,9741,2.5
1018,10673,4.0
1018,107,4.5
1018,77,4.5
1018,4133,4.0
1018,111,4.0
1018,808,4.0
1018,966,4.0
1018,60670,4.0
1018,869,3.0
1018,9896,3.0
1018,9398,3.0
1018,585,4.0
1018,671,3.5
1018,161,4.0
1018,194,4.0
1018,120,4.5
1018,453,4.5
1018,37257,4.5
1018,993,4.5
1018,425,4.0
1018,4547,3.5
1018,557,4.0
1018,2501,4.0
1018,180,4.0
1018,608,2.5
1018,4147,4.0
1018,818,3.0
1018,4108,3.5
1018,575,4.0
1018,1430,3.5
1018,565,4.0
1018,672,3.5
1018,7299,3.5
1018,201,2.5
1018,121,3.5
1018,3131,4.0
1018,640,4.0
1018,423,4.5
1018,9506,3.0
1018,10180,4.5
1018,36658,4.0
1018,604,3.5
1018,310,3.5
1018,12,4.0
1018,9654,3.0
1018,290,4.5
1018,1927,3.0
1018,22,4.5
1018,8961,2.0
1018,1428,3.0
1018,891,4.0
1018,4543,4.5
1018,1584,3.5
1018,322,4.0
1018,24,3.5
1018,4256,0.5
1018,605,3.0
1018,11092,3.5
1018,587,4.5
1018,122,4.5
1018,1954,4.5
1018,1824,3.0
1018,9352,3.0
1018,615,2.5
1018,338,3.0
1018,38,4.0
1018,1487,3.5
1018,393,3.5
1018,26133,3.5
1018,1583,4.5
1018,250,4.0
1018,809,3.5
1018,435,3.0
1018,673,3.5
1018,8699,2.5
1018,2048,3.5
1018,2502,4.0
1018,401,3.5
1018,1538,4.0
1018,3989,3.5
1018,4553,4.0
1018,176,3.5
1018,1677,4.0
1018,9806,3.5
1018,163,3.0
1018,64353,3.5
1018,8677,3.5
1018,60672,2.5
1018,4972,4.5
1018,670,3.5
1018,4836,3.5
1018,1392,4.5
1018,118,4.0
1018,2567,4.0
1018,8488,2.0
1018,158,3.5
1018,187,3.5
1018,7453,3.0
1018,953,3.5
1018,272,4.5
1018,9738,3.5
1018,16320,3.5
1018,9335,3.0
1018,1830,4.0
1018,8202,1.5
1018,3933,4.0
1018,59,4.0
1018,398,4.0
1018,533,4.0
1018,5236,4.0
1018,69,4.0
1018,950,3.5
1018,752,4.5
1018,388,4.5
1018,582,4.0
1018,186,4.5
1018,36668,4.0
1018,920,3.5
1018,58,4.0
1018,773,3.5
1018,326,1.0
1018,1948,3.0
1018,1023,4.0
1018,1417,4.0
1018,1422,4.5
1018,1124,4.5
1018,1246,3.5
1018,2062,3.5
1018,12554,4.0
1018,1949,4.5
1018,1271,3.5
1018,6145,4.5
1018,285,3.5
1018,3432,3.0
1018,12225,2.5
1018,1979,2.5
1018,1571,3.0
1018,1858,3.0
1018,35,3.5
1018,2503,4.0
1018,2252,4.5
1018,5915,3.5
1018,4566,4.0
1018,4771,4.5
1018,4982,4.5
1018,13885,4.0
1018,7555,2.5
1018,11253,3.5
1018,8321,4.0
1018,8848,3.5
1018,12222,4.0
1018,155,4.0
1018,1726,4.0
1018,217,2.5
1018,9502,4.0
1018,1724,3.5
1018,8960,2.5
1018,13183,3.5
1018,12133,3.0
1018,10358,3.5
1018,15373,3.5
1018,10360,4.5
1018,13223,3.5
1018,12163,3.5
1018,4922,3.5
1018,13635,4.0
1018,14301,4.0
1018,15472,4.5
1018,18947,4.5
1018,16869,3.5
1018,16995,4.0
1018,2080,4.0
1018,13475,3.5
1018,14160,4.0
1018,18785,3.0
1018,11322,4.0
1018,19913,4.0
1018,8054,3.5
1018,17654,3.5
1018,37903,4.5
1018,10313,3.0
1018,24238,4.5
1018,22947,3.5
1018,14161,3.0
1018,19995,4.0
1018,10528,4.5
1018,19901,3.5
1018,20504,3.5
1018,33613,4.5
1018,81895,3.5
1018,11324,4.5
1018,24253,4.5
1018,12155,3.5
1018,25941,4.0
1018,23048,3.0
1018,18823,2.5
1018,23483,4.5
1018,10138,4.0
1018,34544,3.0
1018,10193,4.0
1018,27205,4.5
1018,27576,3.0
1018,27581,3.0
1018,27578,3.5
1018,22538,4.0
1018,23631,3.5
1018,23168,4.0
1018,43539,4.5
1018,40805,3.0
1018,50348,4.5
1018,15362,4.0
1018,45612,3.5
1018,50456,3.5
1018,10195,3.5
1018,51209,4.0
1018,1865,3.0
1018,49538,4.0
1018,64780,3.0
1018,64690,3.0
1018,1771,4.0
1018,24428,4.0
1018,70670,4.0
1018,76163,3.5
1018,70160,4.0
1018,49026,4.0
1018,58574,4.0
1018,65754,3.5
1018,15044,3.5
1018,72105,2.5
1018,82633,4.0
1018,84334,4.0
1018,59967,3.0
1018,84329,4.0
1018,83542,3.5
1018,87827,3.0
1018,123025,4.0
1018,112336,3.5
1018,49051,4.0
1018,68718,4.0
1018,82682,3.5
1018,142061,4.0
1018,68721,3.5
1018,54138,4.0
1018,75656,4.0
1018,68724,3.5
1018,76170,4.0
1018,59859,3.0
1018,146233,3.0
1018,76338,3.5
1018,101299,4.0
1018,57158,3.5
1018,106646,3.0
1018,192136,4.0
1018,13632,3.5
1018,120467,4.0
1018,157336,4.5
1018,100402,3.5
1018,127585,4.0
1018,137113,3.5
1018,194662,3.5
1018,250658,4.5
1018,171372,4.0
1018,244786,4.5
1018,118340,4.5
1018,154400,3.5
1018,246400,4.0
1018,264660,4.5
1018,205596,4.5
1018,131631,3.5
1018,266856,4.0
1018,228970,3.5
1018,207703,4.0
1018,140607,4.0
1018,99861,3.5
1018,102899,4.0
1018,293660,3.5
1018,283995,4.0
1018,271110,3.0
1018,246655,4.0
1018,202249,3.5
1018,320007,3.5
1018,286217,4.5
1018,150540,3.5
1018,188927,3.5
1018,281957,3.5
1018,296313,4.0
1018,276907,4.0
1018,314365,4.5
1018,259985,4.0
1018,291343,3.5
1018,318846,4.0
1018,370646,4.0
1018,140554,4.0
1018,1659,4.5
1018,1652,4.5
1018,290250,4.0
1018,374475,3.5
1018,291805,3.5
1018,324668,3.0
1018,338766,4.0
1018,333484,3.5
1018,302946,3.5
1018,329865,3.0
1018,393764,3.5
1018,274870,4.0
1018,263115,4.0
1018,425751,4.0
1018,343668,3.5
1018,359940,4.5
1018,406997,3.0
1018,363444,4.5
1018,500609,4.5
1019,862,4.0
1019,8844,3.0
1019,15602,3.0
1019,11860,2.0
1019,710,2.0
1019,12110,1.0
1019,21032,3.0
1019,1408,2.0
1019,9273,2.0
1019,63,4.0
1019,9598,4.0
1019,9312,3.0
1019,807,3.0
1019,10530,1.0
1019,26441,2.0
1019,19760,2.0
1019,9536,2.0
1019,755,2.0
1019,17414,2.0
1019,9095,2.0
1019,47475,1.0
1019,9614,2.0
1019,10874,2.0
1019,10324,3.0
1019,9101,3.0
1019,11000,1.0
1019,414,2.0
1019,8839,3.0
1019,8963,2.0
1019,1572,3.0
1019,10428,3.0
1019,9482,1.0
1019,1642,2.0
1019,11472,2.0
1019,9348,2.0
1019,9804,2.0
1019,11017,2.0
1019,2292,3.0
1019,8467,2.0
1019,522,4.0
1019,11777,3.0
1019,628,3.0
1019,6280,1.0
1019,37108,3.0
1019,11,4.0
1019,3036,1.0
1019,9058,2.0
1019,18220,2.0
1019,101,4.0
1019,2307,3.0
1019,2164,2.0
1019,9905,1.0
1019,27993,2.0
1019,9059,2.0
1019,193,2.0
1019,25066,3.0
1019,12122,2.0
1019,11381,2.0
1019,9271,2.0
1019,2064,3.0
1019,3049,2.0
1019,11382,2.0
1019,10731,2.0
1019,10464,2.0
1019,9495,5.0
1019,13,2.0
1019,712,4.0
1019,10714,2.0
1019,8587,3.0
1019,11596,2.0
1019,854,4.0
1019,9359,3.0
1019,36593,3.0
1019,2788,1.0
1019,11011,2.0
1019,1637,4.0
1019,15128,3.0
1019,8831,2.0
1019,36955,3.0
1019,2654,3.0
1019,2758,2.0
1019,46094,2.0
1019,306,2.0
1019,26203,3.0
1019,178,3.0
1019,18215,3.0
1019,11310,3.0
1019,9350,3.0
1019,9612,2.0
1019,11566,3.0
1019,9739,3.0
1019,26141,2.0
1019,16297,2.0
1019,1634,2.0
1019,5503,4.0
1019,9255,3.0
1019,10612,3.0
1019,106143,2.0
1019,9386,3.0
1019,329,2.0
1019,9593,2.0
1019,42580,2.0
1019,2246,2.0
1019,2320,2.0
1019,11971,3.0
1019,788,2.0
1019,25557,2.0
1019,22588,3.0
1019,8005,2.0
1019,12519,1.0
1019,858,3.0
1019,867,1.0
1019,78,4.0
1019,13203,2.0
1019,10442,3.0
1019,9607,2.0
1019,9479,5.0
1019,15139,2.0
1019,10897,2.0
1019,771,3.0
1019,251,3.0
1019,812,3.0
1019,280,5.0
1019,268,5.0
1019,114,3.0
1019,10824,2.0
1019,11827,3.0
1019,8766,2.0
1019,12520,2.0
1019,9099,2.0
1019,10988,1.0
1019,954,3.0
1019,8840,2.0
1019,10539,3.0
1019,3065,2.0
1019,2300,1.0
1019,8069,4.0
1019,8866,3.0
1019,12233,2.0
1019,36355,3.0
1019,9304,2.0
1019,503475,4.0
1019,9100,4.0
1019,9802,3.0
1019,664,2.0
1019,10280,3.0
1019,10535,2.0
1019,532,4.0
1019,9826,3.0
1019,9879,1.0
1019,10545,4.0
1019,11543,2.0
1019,9327,2.0
1019,11228,2.0
1019,10779,3.0
1019,11511,1.0
1019,12606,4.0
1019,11962,2.0
1019,2925,2.0
1019,3595,2.0
1019,10830,4.0
1019,10546,1.0
1019,9431,2.0
1019,10061,2.0
1019,10478,4.0
1019,9303,2.0
1019,11015,1.0
1019,9306,2.0
1019,12559,1.0
1019,426,5.0
1019,567,5.0
1019,13528,3.0
1019,239,4.0
1019,4808,3.0
1019,963,5.0
1019,6620,2.0
1019,31044,3.0
1019,62,3.0
1019,303,3.0
1019,4174,4.0
1019,381,4.0
1019,260,2.0
1019,85328,2.0
1019,11076,3.0
1019,15944,3.0
1019,864,3.0
1019,24795,2.0
1019,433,2.0
1019,12335,2.0
1019,12092,1.0
1019,10163,1.0
1019,11412,3.0
1019,10586,2.0
1019,9716,3.0
1019,11238,2.0
1019,252,4.0
1019,11561,3.0
1019,623,4.0
1019,12614,2.0
1019,521,4.0
1019,500,3.0
1019,402,2.0
1019,601,5.0
1019,2756,3.0
1019,1103,3.0
1019,762,3.0
1019,531,4.0
1019,18129,2.0
1019,510,4.0
1019,1891,4.0
1019,2493,5.0
1019,85,5.0
1019,679,3.0
1019,1892,3.0
1019,348,4.0
1019,766,3.0
1019,539,4.0
1019,9277,4.0
1019,11235,3.0
1019,218,4.0
1019,3063,4.0
1019,13667,3.0
1019,694,2.0
1019,235,3.0
1019,137,4.0
1019,982,3.0
1019,212,4.0
1019,105,4.0
1019,3034,4.0
1019,2640,5.0
1019,89,5.0
1019,14370,4.0
1019,639,3.0
1019,41671,2.0
1019,52263,2.0
1019,24913,2.0
1019,571,3.0
1019,6114,2.0
1019,9529,2.0
1019,7340,3.0
1019,6217,2.0
1019,377,2.0
1019,2212,2.0
1019,199,3.0
1019,9279,3.0
1019,11674,1.0
1019,152,3.0
1019,174,5.0
1019,172,1.0
1019,154,5.0
1019,157,3.0
1019,168,4.0
1019,364,3.0
1019,11967,3.0
1019,9086,2.0
1019,621,3.0
1019,75,3.0
1019,378,3.0
1019,2322,3.0
1019,3179,2.0
1019,4232,3.0
1019,2928,3.0
1019,34314,1.0
1019,4104,3.0
1019,17949,2.0
1019,1968,3.0
1019,11419,3.0
1019,9446,2.0
1019,10003,3.0
1019,1624,3.0
1019,24662,2.0
1019,9360,1.0
1019,9434,2.0
1019,816,3.0
1019,18,5.0
1019,9450,2.0
1019,330,1.0
1019,17770,2.0
1019,15170,2.0
1019,1701,3.0
1019,1639,1.0
1019,415,1.0
1019,11970,4.0
1019,8874,3.0
1019,754,4.0
1019,607,2.0
1019,17834,3.0
1019,686,3.0
1019,10603,2.0
1019,8413,1.0
1019,10336,2.0
1019,9413,2.0
1019,8834,2.0
1019,4961,2.0
1019,1669,3.0
1019,10806,2.0
1019,2118,4.0
1019,2649,4.0
1019,3597,2.0
1019,1813,2.0
1019,33344,2.0
1019,782,4.0
1019,8067,5.0
1019,10890,3.0
1019,1281,1.0
1019,563,2.0
1019,31535,2.0
1019,9823,3.0
1019,9444,3.0
1019,9414,2.0
1019,8078,1.0
1019,9574,3.0
1019,4233,3.0
1019,191874,2.0
1019,714,3.0
1019,115,3.0
1019,586,2.0
1019,2666,3.0
1019,9411,2.0
1019,11003,3.0
1019,10153,2.0
1019,30949,1.0
1019,2898,2.0
1019,17941,1.0
1019,617,3.0
1019,36568,2.0
1019,32911,3.0
1019,32456,1.0
1019,2157,2.0
1019,29193,3.0
1019,16148,3.0
1019,9449,2.0
1019,31220,2.0
1019,10216,1.0
1019,18937,1.0
1019,929,2.0
1019,9844,2.0
1019,9715,2.0
1019,40961,2.0
1019,1965,2.0
1019,6068,2.0
1019,15037,2.0
1019,53765,2.0
1019,10674,3.0
1019,846,3.0
1019,3050,2.0
1019,95,2.0
1019,944,3.0
1019,35680,2.0
1019,11551,3.0
1019,473,3.0
1019,544,4.0
1019,10513,2.0
1019,11485,3.0
1019,13597,5.0
1019,2108,2.0
1019,10072,3.0
1019,10131,3.0
1019,10160,1.0
1019,11284,2.0
1019,10585,2.0
1019,609,3.0
1019,941,3.0
1019,942,2.0
1019,943,3.0
1019,927,3.0
1019,928,3.0
1019,9340,4.0
1019,165,2.0
1019,196,3.0
1019,16084,2.0
1019,17984,3.0
1019,22328,3.0
1019,9424,2.0
1019,9835,1.0
1019,10957,3.0
1019,9570,2.0
1019,13962,2.0
1019,14612,4.0
1019,29228,2.0
1019,19379,4.0
1019,40866,3.0
1019,10122,2.0
1019,9994,3.0
1019,10439,2.0
1019,11158,2.0
1019,9354,3.0
1019,14013,3.0
1019,10849,2.0
1019,11974,2.0
1019,9325,2.0
1019,10144,4.0
1019,10414,3.0
1019,11335,3.0
1019,15969,2.0
1019,10249,4.0
1019,24808,3.0
1019,2619,3.0
1019,97,3.0
1019,2107,3.0
1019,9442,3.0
1019,11591,3.0
1019,87,3.0
1019,11336,2.0
1019,11497,3.0
1019,14367,3.0
1019,11814,2.0
1019,15171,4.0
1019,11704,3.0
1019,11639,4.0
1019,11976,3.0
1019,15144,3.0
1019,11522,2.0
1019,11415,2.0
1019,8393,3.0
1019,9320,3.0
1019,36647,3.0
1019,14557,2.0
1019,41469,2.0
1019,4011,4.0
1019,11219,3.0
1019,845,4.0
1019,847,3.0
1019,21734,3.0
1019,11462,3.0
1019,2760,3.0
1019,431,3.0
1019,12626,2.0
1019,37818,2.0
1019,3525,3.0
1019,2028,3.0
1019,16384,3.0
1019,11597,4.0
1019,47947,2.0
1019,18282,2.0
1019,11082,2.0
1019,20096,3.0
1019,30815,2.0
1019,9877,2.0
1019,11071,3.0
1019,8916,3.0
1019,10377,3.0
1019,11932,2.0
1019,9445,3.0
1019,2657,3.0
1019,9945,2.0
1019,10663,3.0
1019,3600,1.0
1019,14444,2.0
1019,9487,3.0
1019,10162,4.0
1019,8130,2.0
1019,9749,4.0
1019,14628,1.0
1019,13698,2.0
1019,10466,2.0
1019,10029,3.0
1019,200,3.0
1019,9837,3.0
1019,1934,4.0
1019,9326,3.0
1019,10328,2.0
1019,15196,3.0
1019,11904,3.0
1019,15596,3.0
1019,29968,2.0
1019,5825,4.0
1019,9489,2.0
1019,9276,3.0
1019,28902,2.0
1019,10658,2.0
1019,24086,3.0
1019,9426,2.0
1019,2620,2.0
1019,12151,2.0
1019,33278,1.0
1019,192,3.0
1019,10945,2.0
1019,9671,3.0
1019,8388,2.0
1019,10314,3.0
1019,2112,3.0
1019,16172,4.0
1019,11622,3.0
1019,1542,2.0
1019,8913,1.0
1019,14742,2.0
1019,10803,2.0
1019,9535,2.0
1019,7341,2.0
1019,11772,3.0
1019,22345,1.0
1019,1641,2.0
1019,603,4.0
1019,4951,3.0
1019,11355,3.0
1019,1844,2.0
1019,6552,4.0
1019,28941,1.0
1019,564,3.0
1019,10210,3.0
1019,1893,3.0
1019,1924,3.0
1019,8536,3.0
1019,9531,1.0
1019,11411,1.0
1019,36685,3.0
1019,17918,2.0
1019,1090,3.0
1019,817,3.0
1019,37135,2.0
1019,9032,2.0
1019,6488,3.0
1019,9473,4.0
1019,8487,1.0
1019,2105,3.0
1019,10208,2.0
1019,2667,2.0
1019,620,4.0
1019,2978,1.0
1019,11618,2.0
1019,332,1.0
1019,8914,2.0
1019,9824,5.0
1019,21185,2.0
1019,10776,3.0
1019,66194,1.0
1019,745,4.0
1019,913,4.0
1019,9267,2.0
1019,813,2.0
1019,9406,2.0
1019,2280,3.0
1019,10396,3.0
1019,850,3.0
1019,10342,2.0
1019,9349,2.0
1019,9096,2.0
1019,14578,3.0
1019,10307,2.0
1019,12105,3.0
1019,14,4.0
1019,11001,2.0
1019,11797,3.0
1019,17887,3.0
1019,24071,3.0
1019,14429,3.0
1019,10349,2.0
1019,29787,2.0
1019,9638,1.0
1019,9346,2.0
1019,861,3.0
1019,9377,5.0
1019,16305,4.0
1019,772,3.0
1019,550,5.0
1019,36819,5.0
1019,5548,3.0
1019,856,5.0
1019,11377,2.0
1019,492,4.0
1019,9481,2.0
1019,16281,3.0
1019,16288,2.0
1019,11510,2.0
1019,11234,3.0
1019,957,2.0
1019,11886,3.0
1019,37853,4.0
1019,1621,3.0
1019,14035,3.0
1019,11498,3.0
1019,47941,2.0
1019,1832,3.0
1019,18561,4.0
1019,9264,2.0
1019,18222,2.0
1019,11379,5.0
1019,2039,2.0
1019,2668,3.0
1019,36643,2.0
1019,9647,3.0
1019,10998,1.0
1019,9013,2.0
1019,177,4.0
1019,9946,2.0
1019,863,2.0
1019,10402,1.0
1019,2277,1.0
1019,926,4.0
1019,1213,1.0
1019,10384,1.0
1019,10493,2.0
1019,14919,4.0
1019,2990,2.0
1019,10472,3.0
1019,18681,1.0
1019,10406,3.0
1019,2005,3.0
1019,6279,2.0
1019,8872,2.0
1019,8873,2.0
1019,11287,2.0
1019,619,2.0
1019,9374,2.0
1019,10158,2.0
1019,10206,3.0
1019,10326,2.0
1019,4234,2.0
1019,2787,3.0
1019,2069,2.0
1019,25010,2.0
1019,2155,2.0
1019,25166,2.0
1019,622,2.0
1019,12186,5.0
1019,287,2.0
1019,31618,2.0
1019,11718,2.0
1019,28370,1.0
1019,918,3.0
1019,61178,3.0
1019,11176,5.0
1019,14900,2.0
1019,11899,2.0
1019,18890,3.0
1019,19736,2.0
1019,9532,2.0
1019,1541,3.0
1019,8469,4.0
1019,925,2.0
1019,1499,2.0
1019,801,3.0
1019,11520,3.0
1019,16222,2.0
1019,12187,2.0
1019,840,4.0
1019,2291,3.0
1019,13531,5.0
1019,526,3.0
1019,243,2.0
1019,10501,2.0
1019,11478,2.0
1019,879,2.0
1019,1793,2.0
1019,1700,3.0
1019,54087,2.0
1019,34322,2.0
1019,10083,3.0
1019,10559,3.0
1019,49721,3.0
1019,1552,2.0
1019,10468,2.0
1019,1359,2.0
1019,4967,2.0
1019,16347,2.0
1019,11654,3.0
1019,10518,3.0
1019,98,3.0
1019,1058,2.0
1019,13105,2.0
1019,10560,2.0
1019,5683,3.0
1019,24918,3.0
1019,955,2.0
1019,8584,3.0
1019,26956,3.0
1019,11072,3.0
1019,11368,3.0
1019,2075,3.0
1019,1551,3.0
1019,26554,3.0
1019,15239,2.0
1019,865,2.0
1019,9663,2.0
1019,10128,2.0
1019,9355,2.0
1019,1727,2.0
1019,635,3.0
1019,11495,2.0
1019,25562,3.0
1019,9679,2.0
1019,6978,2.0
1019,10571,2.0
1019,479,2.0
1019,7450,4.0
1019,7443,3.0
1019,2123,3.0
1019,17711,4.0
1019,9873,3.0
1019,24099,2.0
1019,4244,2.0
1019,4247,1.0
1019,36657,4.0
1019,36047,3.0
1019,2655,2.0
1019,9278,2.0
1019,10276,3.0
1019,6282,3.0
1019,9383,1.0
1019,33408,2.0
1019,15158,1.0
1019,16146,1.0
1020,8844,3.0
1020,45325,1.0
1020,21032,4.0
1020,9598,4.0
1020,10530,5.0
1020,10874,3.5
1020,8839,3.0
1020,15789,4.5
1020,19101,4.5
1020,11395,3.5
1020,10714,4.0
1020,8587,5.0
1020,11236,4.5
1020,9479,5.0
1020,771,3.0
1020,812,5.0
1020,408,5.0
1020,10020,5.0
1020,10895,4.5
1020,10539,5.0
1020,12233,3.0
1020,503475,5.0
1020,10545,3.5
1020,38223,2.5
1020,10830,4.0
1020,872,4.0
1020,11113,4.5
1020,630,5.0
1020,11076,3.5
1020,14136,3.0
1020,22660,4.0
1020,19186,4.0
1020,6878,3.5
1020,20723,3.5
1020,24795,2.0
1020,11224,4.5
1020,9078,5.0
1020,433,4.5
1020,11360,4.5
1020,11114,3.0
1020,12335,3.0
1020,12092,3.5
1020,15121,4.5
1020,252,5.0
1020,88,4.5
1020,601,5.0
1020,531,5.0
1020,756,4.5
1020,571,3.5
1020,11674,3.0
1020,621,5.0
1020,24662,4.0
1020,33660,3.0
1020,11970,4.5
1020,9444,4.5
1020,714,3.0
1020,9449,3.0
1020,8656,2.0
1020,10674,5.0
1020,35680,3.5
1020,1725,5.0
1020,9340,5.0
1020,9342,2.0
1020,3170,4.0
1020,10957,4.0
1020,9994,3.5
1020,9354,2.5
1020,9820,3.5
1020,9325,4.5
1020,10340,4.0
1020,10144,5.0
1020,10437,5.0
1020,12230,4.0
1020,10693,4.5
1020,11135,4.5
1020,11319,3.0
1020,15969,3.0
1020,10882,4.0
1020,2619,3.5
1020,123,2.5
1020,16081,5.0
1020,15171,4.5
1020,11639,4.0
1020,4978,4.5
1020,34584,4.5
1020,36647,2.0
1020,8916,3.5
1020,30197,5.0
1020,9487,4.0
1020,9837,5.0
1020,39314,2.0
1020,16520,3.5
1020,564,2.5
1020,36685,5.0
1020,37135,4.5
1020,9473,4.5
1020,8487,1.0
1020,10208,5.0
1020,10776,4.5
1020,10386,4.5
1020,11353,2.5
1020,850,5.0
1020,12105,4.0
1020,17352,4.0
1020,856,5.0
1020,11886,5.0
1020,863,5.0
1020,10137,3.0
1020,49948,5.0
1020,17908,3.5
1020,2787,3.0
1020,2069,3.5
1020,11176,5.0
1020,14900,5.0
1020,11899,5.0
1020,462,3.5
1020,117259,4.0
1020,1498,4.0
1020,10501,3.5
1020,10559,3.0
1020,2621,3.0
1020,1359,1.0
1020,4967,1.5
1020,4825,5.0
1020,3536,3.0
1020,10564,3.0
1020,98,4.5
1020,10567,2.5
1020,955,3.0
1020,8584,2.0
1020,479,1.0
1020,7443,5.0
1020,2024,3.0
1020,2133,4.5
1020,4244,2.5
1020,36657,3.5
1020,20438,4.0
1020,1588,2.5
1020,786,4.5
1020,1597,3.5
1020,71,4.5
1020,12207,3.0
1020,4327,3.5
1020,8452,2.5
1020,8871,3.5
1020,16340,0.5
1020,9741,2.5
1020,146,3.5
1020,11678,2.0
1020,392,4.0
1020,11688,4.5
1020,711,4.0
1020,8358,3.5
1020,1493,3.5
1020,134,4.0
1020,21991,4.0
1020,15739,5.0
1020,9816,2.5
1020,19933,3.5
1020,19405,4.0
1020,6073,3.5
1020,77,3.5
1020,10054,0.5
1020,634,5.0
1020,1734,0.5
1020,9476,3.5
1020,808,5.0
1020,824,3.5
1020,676,4.0
1020,9705,3.5
1020,10865,1.5
1020,1995,0.5
1020,9799,2.0
1020,644,3.0
1020,11826,3.5
1020,2114,3.5
1020,8835,3.0
1020,78248,2.0
1020,12144,3.5
1020,331,1.5
1020,1548,3.0
1020,869,3.0
1020,9880,4.0
1020,2770,3.0
1020,1933,3.5
1020,2294,1.0
1020,2034,3.5
1020,32567,3.5
1020,9398,3.5
1020,10866,0.5
1020,12780,2.5
1020,1018,1.5
1020,768,3.0
1020,585,4.0
1020,671,4.5
1020,1535,3.5
1020,9428,4.0
1020,12589,4.0
1020,120,5.0
1020,453,5.0
1020,5279,4.5
1020,10950,4.0
1020,1365,4.0
1020,11528,4.0
1020,39939,3.0
1020,2135,2.0
1020,425,5.0
1020,36586,3.0
1020,1537,3.5
1020,8346,4.0
1020,9334,0.5
1020,557,3.0
1020,2251,4.0
1020,1894,4.0
1020,320,4.0
1020,2501,3.0
1020,9637,0.5
1020,180,4.5
1020,6278,2.0
1020,818,1.0
1020,2675,3.0
1020,9488,0.5
1020,7451,0.5
1020,129,5.0
1020,9533,3.5
1020,565,3.5
1020,11009,4.0
1020,9012,4.0
1020,672,4.5
1020,121,5.0
1020,640,4.5
1020,1574,5.0
1020,9699,4.0
1020,6038,3.0
1020,9480,2.0
1020,12139,1.5
1020,17264,4.0
1020,8326,4.0
1020,36658,4.0
1020,1816,5.0
1020,34857,3.5
1020,604,4.0